Number_of_vehicles_involved,Number_of_casualties,weather_conditions,Age_band_of_driver,Day_of_week,Sex_of_driver,Educational_level,Vehicle_driver_relation,Driving_experience,Type_of_vehicle,Owner_of_vehicle,Service_year_of_vehicle,Defect_of_vehicle,Area_accident_occured,Lanes_or_Medians,Road_allignment,Types_of_Junction,Road_surface_type,Road_surface_conditions,Light_conditions,Type_of_collision,Vehicle_movement,Casualty_class,Sex_of_casualty,Age_band_of_casualty,Casualty_severity,Work_of_casuality,Fitness_of_casuality,Pedestrian_movement,Cause_of_accident,Accident_severity
2,1,2,2,1,1,4,0,2,0,3,1,2,12,4,5,7,0,0,3,8,11,2,1,4,2,0,2,0,12,2
2,1,2,4,1,1,2,0,1,0,3,5,2,9,1,5,7,0,0,3,8,2,1,0,1,2,1,2,5,12,2
2,1,4,1,1,1,2,2,1,0,3,5,2,7,4,5,7,0,3,0,2,2,2,0,4,2,0,2,5,10,2
2,1,4,0,1,1,4,0,4,5,3,5,2,6,2,5,7,0,3,0,8,2,3,2,5,3,0,2,5,4,2
1,1,2,1,1,1,4,2,3,0,3,2,2,7,2,5,1,0,0,3,8,9,0,0,3,2,0,2,5,3,2
1,1,2,0,1,1,4,0,3,0,3,3,2,12,4,5,7,0,0,3,8,2,1,0,0,2,0,2,5,3,2
1,1,2,1,5,1,1,0,1,9,3,2,2,7,0,5,1,0,0,3,1,2,3,2,5,3,3,2,5,1,2
2,1,4,1,5,1,4,0,1,15,3,1,2,4,2,5,7,0,3,0,2,2,0,1,0,2,0,2,5,3,2
2,1,4,1,5,1,5,0,3,0,3,1,2,7,2,5,7,0,3,0,1,7,1,0,3,2,2,2,5,0,2
1,1,2,1,5,1,1,0,2,9,3,5,2,6,2,5,7,0,0,3,8,1,3,2,5,3,0,2,5,3,2
2,1,2,1,6,1,4,0,4,14,3,5,2,7,2,5,7,0,0,0,8,2,2,1,3,2,0,2,5,3,2
2,1,2,4,6,0,1,0,4,14,3,5,2,7,2,5,7,0,0,0,8,1,0,1,0,2,0,2,5,5,2
2,1,2,1,4,1,4,0,4,0,1,3,2,5,4,5,0,0,3,0,8,2,3,2,5,3,0,2,5,3,2
2,1,2,1,4,1,4,0,2,5,3,5,2,7,6,5,0,0,3,0,8,2,3,2,5,3,0,2,5,10,2
1,1,4,0,4,1,4,2,2,0,3,3,2,9,2,5,0,0,3,0,2,2,1,0,4,2,0,2,5,3,2
1,2,2,1,0,1,2,2,2,9,3,3,2,6,2,5,0,0,0,0,2,2,0,1,1,2,0,2,5,4,2
1,2,2,1,0,1,4,0,2,0,3,5,2,6,0,5,0,0,0,0,8,2,2,0,4,2,0,2,2,16,2
2,1,2,2,2,1,4,0,1,0,3,1,2,3,1,5,1,0,0,3,8,2,2,1,3,2,0,2,5,10,1
2,1,2,0,2,1,1,0,2,5,3,5,2,4,2,5,1,0,0,3,8,2,0,0,0,2,3,2,5,3,1
1,1,2,1,3,1,4,0,1,0,3,1,2,7,4,5,7,0,0,3,8,2,1,0,0,2,0,2,5,12,2
1,1,2,4,3,1,4,0,4,6,3,5,2,6,4,5,1,0,3,0,8,2,2,0,4,2,0,2,1,12,2
2,1,2,3,1,1,1,0,1,0,3,5,2,6,6,5,2,0,0,3,8,3,2,0,1,2,0,2,1,12,1
2,1,2,4,1,0,4,0,1,0,3,5,2,9,2,5,2,0,0,3,8,2,0,1,4,2,0,2,5,12,1
1,1,4,1,6,1,4,0,1,0,3,5,2,9,2,5,7,0,3,3,8,2,3,2,5,3,0,2,5,10,2
1,1,4,1,4,1,4,0,2,0,3,5,2,12,2,5,0,0,3,3,8,2,2,0,1,1,0,2,5,9,2
2,1,2,1,4,1,4,0,2,11,0,5,2,7,2,5,0,0,0,0,8,2,2,0,4,2,0,2,5,10,2
2,1,2,0,4,2,4,0,2,0,0,5,2,0,4,5,0,0,0,0,5,2,2,0,4,2,0,2,1,0,2
1,1,2,0,4,1,4,2,2,0,3,5,2,6,6,5,7,0,0,0,8,2,2,1,0,1,0,2,6,0,2
1,1,4,2,3,1,4,0,1,0,3,5,2,2,2,5,0,0,3,0,2,2,0,0,1,2,0,2,5,11,2
1,1,2,0,2,1,4,0,4,7,0,5,2,2,2,5,7,0,0,3,8,2,0,1,1,2,0,2,5,9,2
2,1,2,0,3,1,4,0,0,14,3,5,2,9,0,5,7,0,0,3,8,2,0,1,4,2,2,2,5,0,2
2,1,2,1,3,1,4,0,4,5,3,3,2,9,2,5,7,0,0,3,8,2,3,2,5,3,3,2,5,10,2
3,1,2,2,2,1,4,0,3,15,3,5,2,9,0,5,1,0,3,3,8,2,0,1,4,2,0,2,5,12,2
3,1,2,4,2,0,4,0,4,7,3,3,2,9,2,5,1,0,3,3,8,2,3,2,5,3,0,2,5,1,2
3,1,2,2,2,1,4,0,1,9,3,0,2,7,0,5,1,0,3,3,8,2,1,0,1,2,3,2,5,10,2
1,1,2,1,2,1,4,0,0,0,3,5,2,7,2,5,1,0,0,3,2,2,0,1,1,2,0,2,5,10,2
1,1,2,3,3,1,1,0,2,0,3,1,2,9,2,5,0,0,0,3,2,2,2,1,4,2,0,2,5,7,1
1,1,2,1,1,1,4,2,4,10,3,5,2,7,6,5,7,0,0,3,8,2,3,2,5,3,0,2,5,11,2
2,6,2,1,1,1,4,0,4,5,3,5,2,2,4,5,7,0,0,3,2,2,0,1,1,2,0,2,5,0,2
2,6,2,1,1,1,6,0,4,5,3,5,2,7,4,5,7,0,0,3,2,7,1,0,0,2,5,2,5,10,2
2,6,2,1,1,1,4,0,0,4,3,5,2,6,4,5,7,0,0,3,8,2,1,0,1,2,0,2,5,3,2
2,6,2,1,1,1,1,2,2,6,3,1,2,6,2,5,7,0,0,3,8,2,1,1,0,2,0,2,5,10,2
2,6,2,1,1,1,4,0,1,5,3,5,2,9,4,5,7,0,0,3,2,2,3,2,5,3,0,2,5,1,2
2,6,2,4,1,1,4,2,4,14,3,5,2,7,2,5,7,0,0,3,8,11,0,1,3,2,0,2,5,16,2
1,1,2,0,1,1,6,0,2,0,3,3,2,4,4,5,7,0,0,3,8,2,1,1,3,2,0,2,5,3,2
3,1,2,1,2,1,6,0,2,7,3,5,2,6,2,5,0,0,0,0,8,2,2,0,4,2,0,2,5,9,2
3,1,2,4,2,1,4,0,2,7,1,5,2,1,2,5,0,0,0,0,8,2,3,2,5,3,3,2,5,10,2
3,1,2,4,2,0,4,0,1,15,3,0,2,9,2,5,0,0,0,0,8,2,0,1,0,2,0,2,5,16,2
2,1,2,0,5,1,4,0,3,0,3,3,2,9,4,5,1,0,3,0,8,2,3,2,5,3,0,2,5,3,2
2,1,2,0,5,1,4,0,2,3,3,2,2,2,4,3,1,0,3,0,1,2,0,1,0,1,6,2,5,3,2
2,1,2,2,5,1,4,0,3,3,3,2,2,9,4,5,7,0,0,3,8,11,3,2,5,3,0,2,5,9,2
2,1,2,1,5,1,4,0,1,5,3,5,2,7,6,5,7,0,0,3,2,3,0,0,0,2,0,2,5,3,2
2,1,2,1,0,1,4,0,4,5,3,2,2,7,4,5,7,0,0,0,8,2,3,2,5,3,0,2,5,4,2
2,1,2,0,0,1,4,0,4,4,3,5,2,7,3,5,7,0,0,0,8,9,0,1,1,2,2,2,5,0,2
2,1,2,1,0,1,4,2,2,0,3,5,2,2,3,5,7,0,0,3,8,9,1,0,0,2,2,2,5,10,2
2,1,2,0,0,1,4,0,1,15,0,5,2,7,3,5,7,0,0,3,8,7,3,2,5,3,3,2,5,10,2
3,2,2,1,2,1,1,0,4,7,3,5,2,2,3,5,1,0,0,3,8,7,2,1,0,1,0,2,6,1,2
3,2,2,2,2,1,4,0,1,0,3,5,2,2,2,5,1,0,0,3,8,7,2,0,4,2,0,2,5,5,2
3,2,2,1,2,1,4,0,2,0,3,3,2,7,4,5,1,0,0,3,8,3,3,2,5,3,0,2,5,1,2
2,1,2,0,6,1,2,0,3,0,0,2,2,7,4,5,7,0,0,3,8,2,0,0,3,2,0,2,5,0,2
2,1,2,4,6,1,2,0,3,0,3,2,2,12,6,5,7,0,0,3,8,2,2,1,1,1,0,2,5,9,2
2,1,2,1,5,1,4,0,2,11,3,3,2,9,4,5,7,0,0,3,2,2,3,2,5,3,0,2,5,10,2
2,1,2,1,5,1,1,0,0,4,3,0,2,7,2,5,7,0,0,3,8,2,0,1,1,1,2,2,5,1,2
2,1,2,1,5,1,1,0,2,5,3,3,2,6,4,5,0,0,0,0,2,2,0,1,4,2,0,2,5,9,2
2,1,2,0,5,1,4,0,2,5,3,3,2,9,4,5,0,0,0,0,8,2,3,2,5,3,0,2,5,10,2
2,1,2,0,5,1,4,0,0,14,3,3,2,7,1,3,7,0,0,0,8,2,3,2,5,3,0,2,5,4,2
2,1,2,1,5,1,4,2,2,7,3,3,2,9,2,5,7,0,0,0,8,2,0,1,1,2,0,2,5,4,2
1,1,2,0,5,1,2,2,3,0,3,2,2,9,4,5,7,0,0,0,1,2,1,0,3,2,1,2,5,9,2
2,1,2,0,5,1,4,2,4,8,3,5,2,9,2,5,7,0,0,3,8,9,1,0,1,2,0,2,5,9,2
2,1,2,0,5,1,6,2,2,6,3,0,2,7,6,5,7,0,0,3,8,2,1,1,4,2,4,2,5,16,2
2,1,2,1,6,1,0,0,3,0,3,2,2,7,4,5,7,0,0,3,8,3,1,0,4,2,0,2,5,3,1
2,1,2,1,6,1,2,0,4,8,3,2,2,7,1,5,7,0,0,3,1,2,0,0,1,2,3,2,5,0,1
3,2,2,4,4,1,4,0,0,6,3,0,2,3,4,5,7,0,0,0,2,2,3,2,5,3,3,2,5,5,2
3,2,2,0,4,1,4,0,3,14,3,1,2,9,4,5,7,0,0,0,8,3,3,2,5,3,0,2,5,10,2
3,2,2,0,4,1,4,2,3,5,3,2,2,9,1,5,7,0,0,0,8,2,0,1,0,2,0,2,5,9,2
2,1,2,4,6,1,4,0,3,15,3,2,2,9,4,5,0,0,0,3,8,2,0,1,0,2,0,2,5,0,1
2,1,2,1,6,2,4,0,5,0,3,0,2,7,2,5,0,0,0,3,8,12,3,2,5,3,0,2,5,1,1
2,1,2,0,0,1,4,0,0,3,3,0,2,6,2,5,7,0,0,3,8,3,3,2,5,3,3,2,5,10,2
2,1,2,1,0,1,3,2,0,0,3,1,2,7,6,5,7,0,0,3,8,3,3,2,5,3,0,2,5,2,2
2,1,3,2,3,1,4,2,4,9,3,5,2,6,0,5,0,0,3,0,8,2,3,2,5,3,0,2,5,1,1
2,1,3,1,3,1,4,2,0,4,3,5,2,9,2,5,0,0,3,0,2,11,0,1,1,2,0,2,5,12,1
1,1,2,1,4,1,4,2,1,8,3,5,2,6,0,1,1,0,0,3,2,2,0,0,3,2,0,2,5,10,2
2,1,4,1,1,1,5,2,2,5,3,5,2,6,0,5,2,0,3,3,8,2,3,2,5,3,0,2,5,18,2
2,1,4,3,1,1,5,2,3,7,1,5,2,7,0,5,2,0,3,3,8,2,0,1,3,1,0,2,5,10,2
1,1,2,1,1,1,4,2,1,0,3,5,2,6,2,5,1,0,0,3,8,3,0,1,4,2,3,3,5,1,2
3,1,2,2,5,1,1,2,3,3,3,5,2,6,2,5,1,0,0,3,8,2,1,1,0,2,0,2,5,10,2
3,1,2,2,5,1,6,2,2,4,0,5,2,6,1,5,1,3,0,3,8,2,1,1,0,2,0,2,5,0,2
3,1,2,2,5,1,4,2,2,3,3,5,2,7,4,5,1,0,0,3,6,2,0,0,1,2,2,2,5,3,2
2,1,2,1,6,1,4,2,2,0,3,5,2,9,2,5,0,0,0,3,8,2,3,2,5,3,0,2,5,1,2
2,1,2,1,6,1,4,2,4,15,3,1,2,9,2,1,0,0,0,3,2,2,3,2,5,3,0,2,5,12,2
2,1,2,0,6,1,4,2,1,15,3,2,2,2,2,5,0,0,0,0,1,7,0,1,3,2,2,2,5,10,2
2,1,2,3,6,1,1,0,1,3,3,2,2,7,2,5,0,0,0,0,8,2,1,0,3,2,0,2,5,11,2
2,1,2,1,4,1,4,0,1,4,3,5,2,9,2,5,0,0,0,3,8,2,3,2,5,3,0,2,5,11,2
2,1,2,2,4,1,4,0,1,4,3,1,2,7,4,5,0,0,0,3,8,2,3,2,5,3,0,2,5,12,2
2,1,2,0,4,1,4,0,2,3,3,1,2,9,4,5,7,0,0,3,8,2,1,0,4,2,0,2,5,0,2
2,1,2,0,4,1,4,0,2,16,3,1,2,9,2,5,7,0,0,3,8,2,2,1,4,1,0,2,5,0,2
2,1,2,0,0,1,4,0,3,3,3,2,2,7,2,5,3,1,0,3,8,2,0,0,0,2,0,2,5,10,2
2,1,2,0,0,1,1,0,2,3,3,5,2,7,2,5,3,0,0,3,8,2,3,2,5,3,0,2,5,12,2
2,1,2,0,0,1,4,0,2,10,3,5,2,7,4,5,7,0,0,3,2,2,3,2,5,3,0,2,5,10,2
2,1,2,0,0,1,4,0,3,0,3,5,2,7,0,5,7,0,0,3,6,12,0,1,0,2,0,2,5,10,2
1,1,2,2,0,1,1,2,2,0,3,5,2,9,2,5,1,0,0,0,8,2,3,2,5,3,0,2,5,1,1
1,1,2,1,2,1,4,2,2,8,3,1,2,8,4,5,7,0,0,0,1,2,2,0,4,1,0,2,5,0,1
2,2,2,0,3,2,4,0,2,0,3,5,2,7,6,5,1,0,0,0,8,2,2,0,4,1,2,2,5,10,2
2,2,2,0,3,1,4,0,4,14,3,5,2,6,4,5,1,0,0,0,8,2,0,1,1,0,3,2,5,17,2
2,2,2,1,3,1,4,0,2,0,3,5,2,7,4,5,1,0,0,0,1,2,0,1,1,2,0,2,5,12,2
2,2,2,0,1,1,4,0,2,0,3,5,2,6,4,5,0,0,0,3,1,2,0,1,1,2,4,2,5,9,2
2,2,2,1,1,1,4,0,2,0,3,5,2,6,1,5,0,0,0,3,8,2,3,2,5,3,2,2,5,5,2
2,1,2,1,2,1,4,0,3,3,3,5,2,6,4,5,7,0,0,3,8,2,0,0,1,2,0,2,5,9,2
2,1,2,4,2,1,2,0,3,10,3,5,2,7,4,5,7,0,0,3,8,2,0,0,0,2,2,2,5,1,2
1,1,2,4,0,1,4,0,3,10,0,5,2,7,0,5,1,0,0,3,8,2,0,1,0,2,0,2,5,15,1
1,1,2,4,5,1,4,0,3,4,3,5,2,6,3,5,1,0,0,3,8,2,0,1,0,2,2,2,5,5,2
2,1,2,0,6,1,4,0,3,4,3,5,2,9,6,5,7,0,0,3,2,2,2,0,4,2,0,2,1,3,2
2,1,2,4,6,0,4,0,3,8,0,1,2,1,4,5,7,0,0,3,8,2,2,1,4,2,0,2,1,10,2
1,1,2,1,3,1,4,0,2,0,3,0,2,7,6,5,7,0,0,0,8,9,3,2,5,3,0,2,5,12,2
1,1,2,4,0,1,4,0,1,0,3,3,2,9,6,5,7,0,0,3,8,7,0,1,0,2,3,2,5,15,1
1,1,2,1,6,1,4,0,4,0,3,5,2,7,6,5,7,0,0,0,8,3,3,2,5,3,0,2,5,5,2
2,1,2,0,2,1,4,0,4,3,3,5,2,7,6,5,7,0,0,0,8,2,3,2,5,3,0,2,5,1,2
2,1,2,4,2,1,4,0,1,3,3,2,2,7,1,5,7,0,0,0,8,3,1,0,4,2,1,2,5,1,2
2,1,2,0,6,1,1,0,4,0,3,5,2,7,2,5,7,0,0,3,8,2,3,2,5,3,0,2,5,1,2
2,1,2,2,6,1,4,0,4,14,3,1,2,7,6,5,7,0,0,3,8,2,0,0,1,2,2,2,5,1,2
2,1,2,0,2,1,4,0,2,0,3,5,2,12,4,5,0,0,0,0,8,2,1,1,4,2,0,2,5,9,2
2,1,2,0,2,1,4,0,2,7,3,5,2,6,2,5,0,0,0,0,8,2,3,2,5,3,0,2,5,10,2
2,2,2,1,6,1,6,0,4,13,3,5,2,6,2,5,1,0,0,3,8,2,0,1,0,2,0,2,5,15,2
2,2,2,1,6,1,4,0,4,5,3,2,2,6,2,5,1,0,0,3,8,11,1,1,0,2,0,2,5,10,2
2,1,2,3,4,1,4,0,0,8,3,5,2,12,2,5,0,0,0,3,8,2,1,1,0,2,0,2,5,3,2
2,1,2,4,4,1,1,0,3,4,0,5,2,12,4,5,0,0,0,3,8,11,3,2,5,3,0,2,5,10,2
1,1,2,0,5,1,1,0,3,5,3,5,2,6,2,5,1,0,0,0,8,2,0,1,4,2,0,2,5,10,2
1,1,2,4,4,0,1,0,4,6,3,5,2,6,2,5,1,0,0,3,2,3,1,0,1,2,0,2,5,10,2
2,1,2,0,4,1,2,0,1,0,0,3,2,12,2,5,1,0,0,3,8,2,3,2,5,3,0,2,5,1,2
2,1,2,2,4,1,4,0,1,0,3,0,2,7,2,5,1,0,0,3,8,2,0,1,1,1,0,2,5,10,2
3,1,2,4,0,1,0,0,3,0,3,3,2,7,2,5,7,0,0,3,8,3,0,1,0,2,0,2,5,12,2
3,1,2,1,0,1,4,0,1,14,3,4,2,7,4,5,7,0,0,3,8,2,1,1,0,2,0,2,5,0,2
3,1,2,4,0,1,4,0,1,0,3,3,2,7,2,5,7,0,0,3,1,9,0,0,0,2,0,2,5,9,2
2,1,2,1,0,1,2,0,0,11,3,5,2,9,4,5,1,0,0,3,8,2,0,1,0,2,0,2,5,3,2
2,1,2,2,0,1,4,0,2,11,0,0,2,7,4,5,1,0,0,3,8,2,0,0,3,2,0,2,5,0,2
2,1,2,3,3,1,4,0,4,14,3,0,2,7,4,5,2,0,0,3,8,11,3,2,5,3,0,2,5,11,2
2,1,2,2,3,1,4,0,4,0,3,5,2,4,4,5,2,0,0,3,8,2,2,1,4,2,0,2,1,10,2
2,1,2,0,2,1,1,0,2,2,3,5,2,1,4,5,1,0,0,3,8,2,2,0,1,2,0,2,5,10,2
2,1,2,1,2,1,4,0,4,0,3,3,2,2,2,5,1,0,0,3,8,2,3,2,5,3,0,2,5,17,2
2,2,2,0,4,1,4,0,0,5,3,5,2,6,2,5,2,0,0,3,8,2,0,0,1,2,0,2,5,10,2
2,2,2,1,4,1,1,0,1,0,3,5,2,7,2,5,2,0,0,3,8,7,0,0,3,2,0,2,5,6,2
2,1,2,1,0,1,2,0,0,10,3,5,2,6,4,5,7,0,0,0,1,2,3,2,5,3,0,2,5,9,2
2,1,2,0,0,1,4,0,2,13,3,5,2,6,2,5,7,0,0,0,8,3,3,2,5,3,0,2,5,11,2
2,2,2,0,0,1,4,0,4,0,3,5,2,7,2,5,7,0,0,0,8,2,0,1,3,2,0,2,5,0,2
2,2,2,0,0,1,2,0,3,10,3,3,2,9,4,5,7,0,0,0,8,2,1,1,4,2,3,2,5,0,2
2,2,2,0,0,1,1,2,2,0,3,3,2,6,6,7,7,0,0,0,8,2,0,1,3,2,0,2,5,7,2
2,2,2,0,2,1,1,0,4,5,3,3,2,9,6,5,2,0,0,3,2,2,3,2,5,3,0,2,5,10,2
2,2,2,1,2,1,4,0,2,5,3,5,2,12,2,5,2,0,0,3,8,2,0,1,1,2,3,2,5,1,2
1,1,2,4,3,0,1,2,2,9,3,3,2,6,2,2,7,0,0,0,8,9,1,0,0,2,0,2,5,1,2
1,1,2,1,3,1,4,0,1,5,3,2,2,7,6,5,7,0,0,3,8,2,0,1,0,2,0,2,5,9,2
1,1,2,0,1,1,4,0,3,5,3,3,2,7,4,5,0,0,0,3,8,2,3,2,5,3,2,2,5,2,2
1,1,2,1,5,1,4,0,2,9,3,3,2,2,6,5,1,0,0,3,8,3,2,1,0,1,0,2,0,0,2
2,1,2,2,5,2,2,0,0,11,3,5,2,6,2,5,0,0,0,3,8,2,3,2,5,3,3,2,5,1,2
2,1,2,1,5,1,1,0,2,0,3,5,2,7,2,5,0,0,0,3,8,2,0,1,1,2,0,2,5,10,2
2,2,4,1,6,1,1,0,1,8,3,5,2,6,2,6,1,0,3,0,2,2,1,1,0,2,0,2,5,1,2
2,2,4,2,6,1,4,0,4,14,3,5,2,6,2,5,1,0,3,0,8,4,3,2,5,3,0,2,5,1,2
2,1,4,0,4,1,4,0,4,7,3,3,2,6,2,2,0,0,3,3,8,2,0,1,0,2,0,2,5,10,2
2,1,4,1,4,1,4,0,2,0,3,3,2,2,4,2,0,0,3,3,8,2,3,2,5,3,0,2,5,1,2
2,1,2,1,1,1,4,2,2,0,3,3,2,6,4,1,7,0,0,3,8,2,3,2,5,3,0,2,5,3,2
2,1,2,0,1,1,1,0,0,14,3,2,2,7,0,1,7,0,0,3,6,7,1,0,4,2,0,2,5,3,2
2,1,2,0,0,1,4,0,2,8,3,5,2,7,2,5,7,0,0,0,8,2,1,0,0,2,0,2,5,1,2
2,1,2,1,0,1,1,0,3,5,3,2,2,2,5,7,7,1,0,0,8,2,1,0,4,2,0,2,5,17,2
3,1,2,1,3,1,4,2,0,0,3,0,2,12,4,5,1,0,0,3,2,4,3,2,5,3,0,2,5,1,2
3,1,2,1,3,1,4,0,2,0,3,5,2,2,2,5,1,0,0,3,8,0,0,1,1,2,0,2,5,9,2
3,1,2,4,3,0,4,0,3,5,3,3,2,6,4,5,1,0,0,3,8,9,1,0,0,2,0,2,5,10,2
2,1,2,1,2,1,1,2,1,5,3,1,2,7,6,5,1,0,0,3,8,2,3,2,5,3,0,2,5,17,2
2,1,2,1,2,1,4,0,2,5,3,3,2,2,2,4,1,3,0,3,2,2,3,2,5,3,0,2,5,3,2
2,1,2,1,5,1,4,0,4,8,0,0,2,7,0,5,7,0,0,0,2,2,0,1,1,2,0,2,5,1,2
2,1,2,0,5,1,4,0,2,8,0,3,2,7,0,5,7,0,0,0,8,2,3,2,5,3,0,2,5,2,2
2,1,2,1,1,1,2,0,3,0,1,2,2,6,2,1,0,0,0,0,8,2,0,1,1,2,0,2,5,0,2
2,1,2,0,1,1,4,0,2,7,1,3,2,7,2,5,0,0,0,0,2,2,3,2,5,3,0,2,5,3,2
2,1,5,0,3,1,1,0,0,0,3,1,2,7,2,5,7,0,3,3,2,2,0,1,1,2,0,2,5,10,2
2,1,5,1,3,1,4,0,2,0,0,5,2,9,2,5,7,0,3,3,8,2,3,2,5,3,0,2,5,9,2
1,2,2,1,4,1,1,0,0,6,3,1,2,6,2,5,7,0,0,0,8,1,0,1,0,2,0,2,5,11,2
1,2,2,1,4,1,4,2,0,0,3,1,2,2,1,5,7,0,0,0,8,1,3,2,5,3,0,2,5,9,2
1,1,2,1,5,1,0,2,0,0,3,0,2,7,4,5,0,0,0,0,2,1,0,0,1,2,0,2,5,1,2
1,1,2,0,5,1,4,2,2,9,3,3,2,0,6,3,0,0,0,0,8,3,3,2,5,3,0,2,5,10,2
4,2,2,1,4,1,4,0,2,3,3,3,2,7,2,7,0,0,0,0,8,2,0,0,1,2,0,2,5,6,2
4,2,2,0,4,1,1,0,2,0,3,5,2,7,4,7,0,0,0,0,8,2,1,1,1,2,0,2,5,1,2
4,2,2,0,4,1,2,2,4,0,3,5,2,2,4,5,0,0,0,0,6,12,1,0,3,2,3,2,5,3,2
4,2,2,0,4,1,4,0,3,11,0,0,2,9,4,5,0,0,0,0,8,2,1,0,1,2,1,2,5,4,2
1,1,8,0,4,1,4,0,2,8,3,5,2,7,4,5,0,0,3,3,8,4,1,1,3,2,0,2,5,1,2
2,1,2,3,0,1,4,0,4,5,3,5,2,7,2,5,0,0,0,0,1,2,2,0,3,1,2,2,5,1,1
2,1,2,1,0,1,4,0,3,0,3,5,2,7,0,5,0,0,0,0,8,2,2,0,0,2,3,2,6,3,1
2,1,2,0,3,1,4,0,2,10,3,5,2,1,2,5,7,0,0,3,8,2,3,2,5,3,3,2,5,0,2
2,1,2,0,3,1,4,2,3,0,3,5,2,1,1,5,7,0,0,3,8,2,0,1,4,2,1,2,5,12,2
2,1,2,0,4,1,4,0,2,11,3,5,2,7,2,5,7,0,0,0,8,5,0,1,1,1,3,2,5,3,2
2,1,2,1,4,1,4,0,0,9,1,0,2,6,2,5,7,2,0,0,2,2,3,2,5,3,0,2,5,1,2
2,1,2,4,4,1,4,0,0,0,3,1,2,9,2,5,7,0,0,3,8,2,2,0,4,2,0,2,1,3,2
2,1,2,1,4,1,4,0,0,5,3,1,2,7,2,5,7,0,0,3,8,2,0,1,3,2,0,2,5,5,2
2,1,2,4,0,1,2,0,1,0,3,0,2,9,4,3,1,0,0,3,8,9,0,0,3,2,0,2,5,10,2
2,1,2,1,0,1,2,2,3,8,3,5,2,2,0,5,1,0,0,3,8,2,1,0,4,2,0,2,5,0,2
1,1,2,0,4,1,1,0,1,9,3,1,2,7,1,5,7,0,0,0,2,2,0,1,1,2,0,2,5,12,2
2,1,2,1,2,1,4,0,3,0,3,2,2,6,2,7,0,0,0,3,8,1,3,2,5,3,0,2,5,9,2
2,1,2,2,2,1,2,0,1,0,3,1,2,7,4,5,0,0,0,3,2,3,0,1,0,1,0,2,5,9,2
1,1,2,1,3,1,4,1,5,0,3,5,2,1,2,3,1,0,0,3,8,1,0,1,1,0,0,2,5,10,2
2,4,2,1,2,1,4,0,0,14,3,5,2,7,4,5,1,0,0,3,6,5,3,2,5,3,3,2,5,1,2
2,4,2,1,2,1,4,2,2,7,3,0,2,6,2,5,1,1,0,3,8,2,3,2,5,3,0,2,5,1,2
2,4,2,1,2,1,4,0,0,7,0,5,2,9,4,5,1,0,0,3,8,2,0,1,0,2,0,2,5,9,2
2,4,2,1,2,1,4,0,3,7,3,5,2,6,1,5,1,0,0,3,8,2,3,2,5,3,3,2,5,3,2
2,4,2,4,2,1,4,0,0,10,3,5,2,6,2,5,1,0,0,3,8,7,0,1,3,2,0,2,5,5,2
2,1,2,1,1,1,4,0,0,5,3,5,2,2,0,5,2,0,0,3,8,1,0,1,0,2,0,2,5,10,2
2,1,2,1,1,1,4,0,1,9,3,5,2,2,4,5,2,0,0,3,1,2,3,2,5,3,3,2,5,10,2
2,1,2,0,3,1,2,0,0,0,3,5,2,9,4,5,7,0,0,3,6,2,3,2,5,3,0,2,5,12,2
2,1,2,4,3,0,4,0,0,0,3,5,2,7,4,5,7,0,0,3,8,2,3,2,5,3,3,2,5,4,2
2,1,2,1,4,1,1,0,3,14,3,5,2,7,6,5,7,0,0,3,6,7,0,0,3,2,3,2,5,12,2
2,1,2,2,4,1,4,0,3,5,3,5,2,7,4,5,7,0,0,3,8,2,0,1,0,2,3,2,5,12,2
1,1,4,1,0,1,1,0,3,5,3,1,2,9,4,5,7,0,3,3,8,8,0,1,1,2,0,2,5,12,2
2,1,2,0,0,1,4,0,3,5,3,5,2,6,4,5,1,0,0,3,8,5,0,1,0,2,0,2,5,10,2
2,1,2,0,0,1,4,0,0,11,3,5,2,9,4,5,1,0,0,3,4,2,3,2,5,3,4,2,5,9,2
1,1,2,1,3,1,4,0,2,9,3,5,2,7,2,5,1,0,0,3,8,7,3,2,5,3,0,2,5,1,2
1,2,2,1,5,1,2,2,1,7,3,5,2,7,2,5,7,0,0,3,2,2,0,1,3,2,0,2,5,3,2
1,2,2,1,5,1,4,0,1,9,3,5,2,1,2,5,7,0,0,3,8,2,2,1,4,2,3,2,1,0,2
2,3,2,1,1,1,4,0,2,7,3,2,2,2,1,5,7,0,0,3,8,7,0,1,4,1,3,2,5,10,2
2,3,2,1,1,2,4,0,2,9,3,5,2,12,2,5,7,0,0,3,8,2,1,0,4,1,0,2,5,1,2
2,3,2,1,1,1,4,0,1,14,3,1,2,6,4,5,7,0,0,3,1,12,1,1,4,2,0,2,5,5,2
2,1,2,0,1,1,2,0,3,0,3,0,2,7,2,5,2,0,0,3,8,2,1,0,4,1,0,2,5,10,2
2,1,2,0,1,1,1,0,2,5,3,2,2,9,4,5,2,0,0,3,8,2,3,2,5,3,3,2,5,17,2
2,1,2,1,6,1,4,0,3,13,3,3,2,7,4,5,1,0,0,3,8,2,0,0,1,2,0,2,5,10,2